{"stats":{"minecraft:custom":{"minecraft:jump":16,"minecraft:time_since_rest":908,"minecraft:damage_dealt":10,"minecraft:leave_game":1,"minecraft:sprint_one_cm":2848,"minecraft:play_time":908,"minecraft:damage_taken":30,"minecraft:time_since_death":908,"minecraft:walk_one_cm":3918,"minecraft:total_world_time":908,"minecraft:fall_one_cm":209,"minecraft:fly_one_cm":2186},"minecraft:used":{"minecraft:sand":1},"minecraft:mined":{"minecraft:sand":1},"minecraft:picked_up":{"minecraft:sand":1}},"DataVersion":2975}